/about         /about.md         200
/how-it-works  /how-it-works.md  200
/creators      /creators.md      200
/fans          /fans.md          200
/liveselling   /liveselling.md   200
/operations    /operations.md    200
/revenue-share /revenue-share.md 200
/agents        /agents.md        200
/kpi-benchmarks /kpi-benchmarks.md 200
/drop-playbook /drop-playbook.md 200
